-- USUÁRIOS --

INSERT INTO Usuario (nome, email, senha, data_cadastro, tipo_usuario, logradouro, numero, complemento, bairro, cidade, estado, cep)
VALUES ('João Silva', 'joao.silva@email.com', '123456', '2025-01-01', 'C', 'Rua das Flores', 123, 'Apto 101', 'Centro', 'São Paulo', 'SP', '01000000');
 
INSERT INTO Usuario (nome, email, senha, data_cadastro, tipo_usuario, logradouro, numero, complemento, bairro, cidade, estado, cep)
VALUES ('Ana Lima', 'ana.lima@email.com', 'senhaAna1', '2025-02-15', 'V', 'Avenida Brasil', 45, NULL, 'Jardim', 'Belo Horizonte', 'MG', '30100000');

INSERT INTO Usuario (nome, email, senha, data_cadastro, tipo_usuario, logradouro, numero, complemento, bairro, cidade, estado, cep)
VALUES ('Marcos Pereira', 'marcos.pereira@email.com', 'mPereira23', '2025-03-10', 'C', 'Rua Afonso Pena', 200, 'Casa', 'Centro', 'Belo Horizonte', 'MG', '30120000');

INSERT INTO Usuario (nome, email, senha, data_cadastro, tipo_usuario, logradouro, numero, complemento, bairro, cidade, estado, cep)
VALUES ('Carla Souza', 'carla.souza@email.com', 'cSouza!', '2025-04-05', 'C', 'Rua dos Andradas', 150, 'Sala 2', 'Centro', 'Porto Alegre', 'RS', '90020000');

INSERT INTO Usuario (nome, email, senha, data_cadastro, tipo_usuario, logradouro, numero, complemento, bairro, cidade, estado, cep)
VALUES ('Pedro Alves', 'pedro.alves@email.com', 'pedro2025', '2025-05-20', 'C', 'Rua Sete de Setembro', 77, NULL, 'Centro', 'Curitiba', 'PR', '80010000');

INSERT INTO Usuario (nome, email, senha, data_cadastro, tipo_usuario, logradouro, numero, complemento, bairro, cidade, estado, cep)
VALUES ('Mariana Costa', 'mariana.costa@email.com', 'mariC#45', '2025-06-01', 'C', 'Rua XV de Novembro', 10, 'Apto 5', 'Centro', 'Florianópolis', 'SC', '88010000');

INSERT INTO Usuario (nome, email, senha, data_cadastro, tipo_usuario, logradouro, numero, complemento, bairro, cidade, estado, cep)
VALUES ('Lucas Ferreira', 'lucas.ferreira@email.com', 'lucasF1', '2025-06-15', 'V', 'Rua da Praia', 500, NULL, 'Lagoa', 'Rio de Janeiro', 'RJ', '20010000');

INSERT INTO Usuario (nome, email, senha, data_cadastro, tipo_usuario, logradouro, numero, complemento, bairro, cidade, estado, cep)
VALUES ('Beatriz Martins', 'beatriz.martins@email.com', 'beamar15', '2025-07-03', 'C', 'Alameda Santos', 1234, 'Bloco B', 'Jardins', 'São Paulo', 'SP', '01418001');

INSERT INTO Usuario (nome, email, senha, data_cadastro, tipo_usuario, logradouro, numero, complemento, bairro, cidade, estado, cep)
VALUES ('Ricardo Gomes', 'ricardo.gomes@email.com', 'rGomes!9', '2025-07-21', 'C', 'Praça da Sé', 1, NULL, 'Sé', 'São Paulo', 'SP', '01001000');

INSERT INTO Usuario (nome, email, senha, data_cadastro, tipo_usuario, logradouro, numero, complemento, bairro, cidade, estado, cep)
VALUES ('Fernanda Rocha', 'fernanda.rocha@email.com', 'ferRocha', '2025-08-11', 'C', 'Rua do Comércio', 88, NULL, 'Centro', 'Manaus', 'AM', '69010000');

INSERT INTO Usuario (nome, email, senha, data_cadastro, tipo_usuario, logradouro, numero, complemento, bairro, cidade, estado, cep)
VALUES ('Gabriel Nunes', 'gabriel.nunes@email.com', 'gNunes77', '2025-08-25', 'C', 'Rua Boa Vista', 300, 'Casa', 'Centro', 'Recife', 'PE', '50010000');

INSERT INTO Usuario (nome, email, senha, data_cadastro, tipo_usuario, logradouro, numero, complemento, bairro, cidade, estado, cep)
VALUES ('Sofia Ribeiro', 'sofia.ribeiro@email.com', 'sofiar21', '2025-09-05', 'C', 'Rua das Acácias', 22, NULL, 'Vila Nova', 'Campinas', 'SP', '13010000');

INSERT INTO Usuario (nome, email, senha, data_cadastro, tipo_usuario, logradouro, numero, complemento, bairro, cidade, estado, cep)
VALUES ('Mateus Santana', 'mateus.santana@email.com', 'mSantana', '2025-09-18', 'V', 'Avenida Paulista', 1000, 'Sala 101', 'Bela Vista', 'São Paulo', 'SP', '01310000');

INSERT INTO Usuario (nome, email, senha, data_cadastro, tipo_usuario, logradouro, numero, complemento, bairro, cidade, estado, cep)
VALUES ('Patrícia Almeida', 'patricia.almeida@email.com', 'patAlm99', '2025-10-02', 'C', 'Rua do Sol', 9, NULL, 'Centro', 'Vitória', 'ES', '29010000');

INSERT INTO Usuario (nome, email, senha, data_cadastro, tipo_usuario, logradouro, numero, complemento, bairro, cidade, estado, cep)
VALUES ('Bruno Carvalho', 'bruno.carvalho@email.com', 'brunoC8', '2025-10-20', 'C', 'Rua Marechal Floriano', 45, 'Apto 2', 'Centro', 'Belo Horizonte', 'MG', '30110000');

INSERT INTO Usuario (nome, email, senha, data_cadastro, tipo_usuario, logradouro, numero, complemento, bairro, cidade, estado, cep)
VALUES ('Laura Mendes', 'laura.mendes@email.com', 'lmendes5', '2025-11-01', 'C', 'Travessa do Comércio', 12, NULL, 'Centro', 'Fortaleza', 'CE', '60010000');

INSERT INTO Usuario (nome, email, senha, data_cadastro, tipo_usuario, logradouro, numero, complemento, bairro, cidade, estado, cep)
VALUES ('Thiago Ribeiro', 'thiago.ribeiro@email.com', 'thiRib12', '2025-11-15', 'C', 'Rua Bahia', 210, 'Casa', 'Centro', 'Salvador', 'BA', '40010000');

INSERT INTO Usuario (nome, email, senha, data_cadastro, tipo_usuario, logradouro, numero, complemento, bairro, cidade, estado, cep)
VALUES ('Juliana Castro', 'juliana.castro@email.com', 'jCastro3', '2025-12-01', 'C', 'Avenida Goiás', 555, NULL, 'Setor Central', 'Goiânia', 'GO', '74000000');

INSERT INTO Usuario (nome, email, senha, data_cadastro, tipo_usuario, logradouro, numero, complemento, bairro, cidade, estado, cep)
VALUES ('Roberto Dias', 'roberto.dias@email.com', 'rDias44', '2024-01-10', 'C', 'Rua 15 de Novembro', 300, 'Sala 3', 'Centro', 'Maringá', 'PR', '87010000');

INSERT INTO Usuario (nome, email, senha, data_cadastro, tipo_usuario, logradouro, numero, complemento, bairro, cidade, estado, cep)
VALUES ('Elisa Fernandes', 'elisa.fernandes@email.com', 'eFernandes', '2024-02-05', 'V', 'Rua das Palmeiras', 77, NULL, 'Centro', 'São Luís', 'MA', '65010000');

INSERT INTO Usuario (nome, email, senha, data_cadastro, tipo_usuario, logradouro, numero, complemento, bairro, cidade, estado, cep)
VALUES ('André Pinto', 'andre.pinto@email.com', 'andreP01', '2024-03-12', 'C', 'Avenida Central', 400, 'Apto 12', 'Centro', 'Joinville', 'SC', '89200000');

INSERT INTO Usuario (nome, email, senha, data_cadastro, tipo_usuario, logradouro, numero, complemento, bairro, cidade, estado, cep)
VALUES ('Camila Lopes', 'camila.lopes@email.com', 'cLopes99', '2024-04-01', 'V', 'Rua das Flores', 150, NULL, 'Jardim Botânico', 'Curitiba', 'PR', '80010000');


-- VENDEDORES --

INSERT INTO Vendedor (ID_vendedor, cnpj, razao_social, nome_fantasia, reputacao)
VALUES (2, '12345678000199', 'Tech Solutions LTDA', 'Tech Solutions', 4.5);

INSERT INTO Vendedor (ID_vendedor, cnpj, razao_social, nome_fantasia, reputacao)
VALUES (7, '98765432000188', 'Casa dos Eletrônicos ME', 'Casa dos Eletrônicos', 4.2);

INSERT INTO Vendedor (ID_vendedor, cnpj, razao_social, nome_fantasia, reputacao)
VALUES (13, '55555555000177', 'Móveis e Cia LTDA', 'Móveis e Cia', 4.8);

INSERT INTO Vendedor (ID_vendedor, cnpj, razao_social, nome_fantasia, reputacao)
VALUES (20, '11122233000166', 'Livraria Cultura ME', 'Livraria Cultura', 4.7);

INSERT INTO Vendedor (ID_vendedor, cnpj, razao_social, nome_fantasia, reputacao)
VALUES (22, '99988877000155', 'Moda e Estilo LTDA', 'Moda e Estilo', 4.3);

-- Telefones --

INSERT INTO Telefone (ID_usuario, numero) VALUES (1, '11987654321');
INSERT INTO Telefone (ID_usuario, numero) VALUES (2, '11912345678');
INSERT INTO Telefone (ID_usuario, numero) VALUES (3, '11987654322');
INSERT INTO Telefone (ID_usuario, numero) VALUES (4, '11912345679');
INSERT INTO Telefone (ID_usuario, numero) VALUES (5, '11987654323');
INSERT INTO Telefone (ID_usuario, numero) VALUES (6, '11912345680');
INSERT INTO Telefone (ID_usuario, numero) VALUES (7, '11987654324');
INSERT INTO Telefone (ID_usuario, numero) VALUES (8, '11912345681');
INSERT INTO Telefone (ID_usuario, numero) VALUES (9, '11987654325');
INSERT INTO Telefone (ID_usuario, numero) VALUES (10, '11912345682');
INSERT INTO Telefone (ID_usuario, numero) VALUES (11, '11987654326');
INSERT INTO Telefone (ID_usuario, numero) VALUES (12, '11912345683');
INSERT INTO Telefone (ID_usuario, numero) VALUES (13, '11987654327');
INSERT INTO Telefone (ID_usuario, numero) VALUES (14, '11912345684');
INSERT INTO Telefone (ID_usuario, numero) VALUES (15, '11987654328');
INSERT INTO Telefone (ID_usuario, numero) VALUES (16, '11912345685');
INSERT INTO Telefone (ID_usuario, numero) VALUES (17, '11987654329');
INSERT INTO Telefone (ID_usuario, numero) VALUES (18, '11912345686');
INSERT INTO Telefone (ID_usuario, numero) VALUES (19, '11987654330');
INSERT INTO Telefone (ID_usuario, numero) VALUES (20, '11912345687');
INSERT INTO Telefone (ID_usuario, numero) VALUES (21, '11987654331');
INSERT INTO Telefone (ID_usuario, numero) VALUES (22, '11912345688');
INSERT INTO Telefone (ID_usuario, numero) VALUES (1, '11987654332');
INSERT INTO Telefone (ID_usuario, numero) VALUES (4, '11912345689');
INSERT INTO Telefone (ID_usuario, numero) VALUES (7, '11987654333');
INSERT INTO Telefone (ID_usuario, numero) VALUES (2, '11912345690');
INSERT INTO Telefone (ID_usuario, numero) VALUES (9, '11987654334');
INSERT INTO Telefone (ID_usuario, numero) VALUES (10, '11912345691');
INSERT INTO Telefone (ID_usuario, numero) VALUES (11, '11987654335');
INSERT INTO Telefone (ID_usuario, numero) VALUES (11, '11912345692');
INSERT INTO Telefone (ID_usuario, numero) VALUES (19, '11912345693');
INSERT INTO Telefone (ID_usuario, numero) VALUES (21, '11987654337');
INSERT INTO Telefone (ID_usuario, numero) VALUES (22, '11912345694');

-- Clientes --

INSERT INTO Cliente (ID_cliente, cpf) VALUES (1, '12345678901');
INSERT INTO Cliente (ID_cliente, cpf) VALUES (3, '98765432100');
INSERT INTO Cliente (ID_cliente, cpf) VALUES (4, '55555555555');
INSERT INTO Cliente (ID_cliente, cpf) VALUES (5, '11122233344');
INSERT INTO Cliente (ID_cliente, cpf) VALUES (6, '99988877766');
INSERT INTO Cliente (ID_cliente, cpf) VALUES (8, '44433322211');
INSERT INTO Cliente (ID_cliente, cpf) VALUES (10, '22211100099');
INSERT INTO Cliente (ID_cliente, cpf) VALUES (11, '66655544433');
INSERT INTO Cliente (ID_cliente, cpf) VALUES (12, '33322211100');
INSERT INTO Cliente (ID_cliente, cpf) VALUES (14, '77766655544');
INSERT INTO Cliente (ID_cliente, cpf) VALUES (15, '88877766655');
INSERT INTO Cliente (ID_cliente, cpf) VALUES (16, '11133322244');
INSERT INTO Cliente (ID_cliente, cpf) VALUES (17, '55544433322');
INSERT INTO Cliente (ID_cliente, cpf) VALUES (18, '99900011122');
INSERT INTO Cliente (ID_cliente, cpf) VALUES (21, '22233344455');

-- Avalia --

INSERT INTO Avalia (ID_Vendedor, ID_Cliente, comentario, avaliacao)
VALUES (2, 1, 'Ótimo atendimento e produtos de qualidade!', 5);

INSERT INTO Avalia (ID_Vendedor, ID_Cliente, comentario, avaliacao)
VALUES (7, 3, 'Entrega rápida, mas o produto veio com defeito.', 2);

INSERT INTO Avalia (ID_Vendedor, ID_Cliente, comentario, avaliacao)
VALUES (13, 4, 'Excelente variedade de produtos e preços competitivos.', 4);

INSERT INTO Avalia (ID_Vendedor, ID_Cliente, comentario, avaliacao)
VALUES (20, 5, 'Atendimento ao cliente ruim, não recomendo.', 1);

INSERT INTO Avalia (ID_Vendedor, ID_Cliente, comentario, avaliacao)
VALUES (22, 6, 'Produto chegou no prazo e em perfeito estado.', 5);

INSERT INTO Avalia (ID_Vendedor, ID_Cliente, comentario, avaliacao)
VALUES (2, 8, 'Boa experiência de compra, mas o suporte poderia ser melhor.', 4);

INSERT INTO Avalia (ID_Vendedor, ID_Cliente, comentario, avaliacao)
VALUES (7, 10, 'Produto de qualidade, mas a embalagem estava danificada.', 3);

INSERT INTO Avalia (ID_Vendedor, ID_Cliente, comentario, avaliacao)
VALUES (13, 11, 'Excelente atendimento e entrega rápida.', 5);

INSERT INTO Avalia (ID_Vendedor, ID_Cliente, comentario, avaliacao)
VALUES (20, 12, 'Produto não corresponde à descrição, muito decepcionado.', 1);

INSERT INTO Avalia (ID_Vendedor, ID_Cliente, comentario, avaliacao)
VALUES (22, 14, 'Ótima experiência de compra, recomendo a todos.', 5);

INSERT INTO Avalia (ID_Vendedor, ID_Cliente, comentario, avaliacao)
VALUES (2, 15, 'Produto de qualidade, mas o atendimento poderia ser melhor.', 4);

INSERT INTO Avalia (ID_Vendedor, ID_Cliente, comentario, avaliacao)
VALUES (7, 16, 'Entrega rápida, mas o produto veio com defeito.', 2);

INSERT INTO Avalia (ID_Vendedor, ID_Cliente, comentario, avaliacao)
VALUES (13, 17, 'Excelente variedade de produtos e preços competitivos.', 4);

INSERT INTO Avalia (ID_Vendedor, ID_Cliente, comentario, avaliacao)
VALUES (20, 18, 'Atendimento ao cliente ruim, não recomendo.', 1);

-- PRODUTOS --

INSERT INTO Produto (ID_produto, nome_produto, descricao, marca, preco_unitario, quant_estoque, vendedor_id)
VALUES (1, 'Smartphone XYZ', 'Smartphone com tela de 6.5 polegadas, 128GB de armazenamento e câmera de 48MP', 'Tech Solutions', 1999.99, 50, 2);

INSERT INTO Produto (ID_produto, nome_produto, descricao, marca, preco_unitario, quant_estoque, vendedor_id)
VALUES (2, 'Notebook ABC', 'Notebook com processador Intel i7, 16GB de RAM e SSD de 512GB', 'Tech Solutions', 3499.99, 30, 2);

INSERT INTO Produto (ID_produto, nome_produto, descricao, marca, preco_unitario, quant_estoque, vendedor_id)
VALUES (3, 'Fone de Ouvido Bluetooth', 'Fone de ouvido sem fio com cancelamento de ruído e bateria de longa duração', 'Casa dos Eletrônicos', 299.99, 100, 7);

INSERT INTO Produto (ID_produto, nome_produto, descricao, marca, preco_unitario, quant_estoque, vendedor_id)
VALUES (4, 'Cadeira Gamer', 'Cadeira ergonômica com suporte lombar e ajuste de altura', 'Móveis e Cia', 899.99, 20, 13);

INSERT INTO Produto (ID_produto, nome_produto, descricao, marca, preco_unitario, quant_estoque, vendedor_id)
VALUES (5, 'Livro "Aprendendo SQL"', 'Livro didático para aprender SQL do básico ao avançado', 'Livraria Cultura', 79.99, 200, 20);

INSERT INTO Produto (ID_produto, nome_produto, descricao, marca, preco_unitario, quant_estoque, vendedor_id)
VALUES (6, 'Vestido Floral', 'Vestido feminino com estampa floral e tecido leve, ideal para o verão', 'Moda e Estilo', 149.99, 80, 22);

INSERT INTO Produto (ID_produto, nome_produto, descricao, marca, preco_unitario, quant_estoque, vendedor_id)
VALUES (7, 'Smartwatch Fit', 'Relógio inteligente com monitoramento de atividades físicas e notificações de smartphone', 'Tech Solutions', 499.99, 60, 2);

INSERT INTO Produto (ID_produto, nome_produto, descricao, marca, preco_unitario, quant_estoque, vendedor_id)
VALUES (8, 'Mesa de Escritório', 'Mesa de escritório com tampo de vidro e estrutura metálica, ideal para home office', 'Móveis e Cia', 1299.99, 15, 13);

INSERT INTO Produto (ID_produto, nome_produto, descricao, marca, preco_unitario, quant_estoque, vendedor_id)
VALUES (9, 'Livro "Design de Interação"', 'Livro sobre design de interação e experiência do usuário, com exemplos práticos e estudos de caso', 'Livraria Cultura', 89.99, 150, 20);

INSERT INTO Produto (ID_produto, nome_produto, descricao, marca, preco_unitario, quant_estoque, vendedor_id)
VALUES (10, 'Jaqueta de Couro', 'Jaqueta de couro legítimo com corte clássico e forro interno, perfeita para o inverno', 'Moda e Estilo', 399.99, 40, 22);

INSERT INTO Produto (ID_produto, nome_produto, descricao, marca, preco_unitario, quant_estoque, vendedor_id)
VALUES (11, 'Tablet Pro', 'Tablet com tela de 10 polegadas, processador octa-core e 256GB de armazenamento, ideal para trabalho e entretenimento', 'Tech Solutions', 2499.99, 25, 2);

INSERT INTO Produto (ID_produto, nome_produto, descricao, marca, preco_unitario, quant_estoque, vendedor_id)
VALUES (12, 'Cadeira de Escritório', 'Cadeira de escritório com design ergonômico, ajuste de altura e suporte para os braços, ideal para longas horas de trabalho', 'Móveis e Cia', 1099.99, 30, 13);

INSERT INTO Produto (ID_produto, nome_produto, descricao, marca, preco_unitario, quant_estoque, vendedor_id)
VALUES (13, 'Livro "Algoritmos em Python"', 'Livro para aprender algoritmos utilizando a linguagem Python, com explicações claras e exercícios práticos', 'Livraria Cultura', 69.99, 180, 20);

INSERT INTO Produto (ID_produto, nome_produto, descricao, marca, preco_unitario, quant_estoque, vendedor_id)
VALUES (14, 'Calça Jeans', 'Calça jeans masculina com corte slim e lavagem escura, perfeita para o dia a dia', 'Moda e Estilo', 129.99, 70, 22);

INSERT INTO Produto (ID_produto, nome_produto, descricao, marca, preco_unitario, quant_estoque, vendedor_id)
VALUES (15, 'Monitor 4K', 'Monitor com resolução 4K, tela de 27 polegadas e tecnologia HDR, ideal para profissionais de design e edição de vídeo', 'Tech Solutions', 2999.99, 20, 2);

INSERT INTO Produto (ID_produto, nome_produto, descricao, marca, preco_unitario, quant_estoque, vendedor_id)
VALUES (16, 'Estante de Livros', 'Estante de livros com design moderno, feita de madeira e metal, ideal para organizar sua coleção de livros', 'Móveis e Cia', 1499.99, 10, 13);

INSERT INTO Produto (ID_produto, nome_produto, descricao, marca, preco_unitario, quant_estoque, vendedor_id)
VALUES (17, 'Livro "Estruturas de Dados"', 'Livro sobre estruturas de dados e algoritmos, com exemplos em Java e exercícios práticos para fixação do conteúdo', 'Livraria Cultura', 79.99, 160, 20);

INSERT INTO Produto (ID_produto, nome_produto, descricao, marca, preco_unitario, quant_estoque, vendedor_id)
VALUES (18, 'Blusa de Frio', 'Blusa de frio feminina com tecido macio e forro interno, ideal para os dias mais frios', 'Moda e Estilo', 199.99, 50, 22);

INSERT INTO Produto (ID_produto, nome_produto, descricao, marca, preco_unitario, quant_estoque, vendedor_id)
VALUES (19, 'Headset Gamer', 'Headset com som surround, microfone com cancelamento de ruído e iluminação RGB, ideal para gamers que buscam imersão total', 'Tech Solutions', 399.99, 40, 2);

INSERT INTO Produto (ID_produto, nome_produto, descricao, marca, preco_unitario, quant_estoque, vendedor_id)
VALUES (20, 'Poltrona de Leitura', 'Poltrona confortável com design moderno, feita de tecido e madeira, ideal para criar um cantinho de leitura em sua casa', 'Móveis e Cia', 1799.99, 5, 13);

INSERT INTO Produto (ID_produto, nome_produto, descricao, marca, preco_unitario, quant_estoque, vendedor_id)
VALUES (21, 'POO', 'Livro sobre programação orientada a objetos, com exemplos em C++ e exercícios práticos para aprender os conceitos fundamentais da POO', 'Livraria Cultura', 89.99, 140, 20);

INSERT INTO Produto (ID_produto, nome_produto, descricao, marca, preco_unitario, quant_estoque, vendedor_id)
VALUES (22, 'Casaco de Inverno', 'Casaco de inverno masculino com tecido resistente à água e forro térmico, ideal para enfrentar as baixas temperaturas com estilo', 'Moda e Estilo', 299.99, 30, 22);

INSERT INTO Produto (ID_produto, nome_produto, descricao, marca, preco_unitario, quant_estoque, vendedor_id)
VALUES (23, 'Mouse Gamer', 'Mouse com sensor de alta precisão, iluminação RGB e botões programáveis, ideal para gamers que buscam desempenho e personalização', 'Tech Solutions', 249.99, 60, 2);

INSERT INTO Produto (ID_produto, nome_produto, descricao, marca, preco_unitario, quant_estoque, vendedor_id)
VALUES (24, 'Mesa de Jantar', 'Mesa de jantar com design elegante, feita de madeira maciça e vidro temperado, ideal para receber amigos e familiares com estilo', 'Móveis e Cia', 2299.99, 8, 13);

INSERT INTO Produto (ID_produto, nome_produto, descricao, marca, preco_unitario, quant_estoque, vendedor_id)
VALUES (25, 'Inteligência Artificial', 'Livro sobre inteligência artificial e aprendizado de máquina, com exemplos em Python e exercícios práticos para aprender os conceitos fundamentais da IA', 'Livraria Cultura', 99.99, 120, 20);

INSERT INTO Produto (ID_produto, nome_produto, descricao, marca, preco_unitario, quant_estoque, vendedor_id)
VALUES (26, 'Bota de Couro', 'Bota de couro feminina com salto médio e design sofisticado, ideal para compor looks elegantes para o inverno', 'Moda e Estilo', 249.99, 40, 22);

INSERT INTO Produto (ID_produto, nome_produto, descricao, marca, preco_unitario, quant_estoque, vendedor_id)
VALUES (27, 'Teclado Mecânico', 'Teclado com switches mecânicos, iluminação RGB e design ergonômico, ideal para gamers e profissionais que buscam conforto e desempenho', 'Tech Solutions', 349.99, 50, 2);

INSERT INTO Produto (ID_produto, nome_produto, descricao, marca, preco_unitario, quant_estoque, vendedor_id)
VALUES (28, 'Sofá de Canto', 'Sofá de canto com design moderno, feito de tecido e madeira, ideal para criar um ambiente aconchegante e elegante em sua sala de estar', 'Móveis e Cia', 2999.99, 5, 13);

INSERT INTO Produto (ID_produto, nome_produto, descricao, marca, preco_unitario, quant_estoque, vendedor_id)
VALUES (29, 'Livro "Redes de Computadores"', 'Livro sobre redes de computadores, com explicações claras e exemplos práticos para aprender os conceitos fundamentais das redes e protocolos de comunicação', 'Livraria Cultura', 79.99, 130, 20);

INSERT INTO Produto (ID_produto, nome_produto, descricao, marca, preco_unitario, quant_estoque, vendedor_id)
VALUES (30, 'Casaco de Lã', 'Casaco de lã masculino com corte clássico e forro interno, ideal para os dias mais frios do inverno', 'Moda e Estilo', 199.99, 30, 22);

-- CATEGORIAS --

INSERT INTO Categoria (ID_categoria, nome_categoria, descricao)
VALUES (1, 'Eletrônicos', 'Produtos eletrônicos como smartphones, laptops, etc.');
INSERT INTO Categoria (ID_categoria, nome_categoria, descricao)
VALUES (2, 'Roupas', 'Vestuário para homens, mulheres e crianças.');
INSERT INTO Categoria (ID_categoria, nome_categoria, descricao)
VALUES (3, 'Móveis', 'Móveis para casa e escritório.');
INSERT INTO Categoria (ID_categoria, nome_categoria, descricao)
VALUES (4, 'Livros', 'Livros de diversos gêneros e categorias.');
INSERT INTO Categoria (ID_categoria, nome_categoria, descricao)
VALUES (5, 'Brinquedos', 'Brinquedos para crianças de todas as idades.');
INSERT INTO Categoria (ID_categoria, nome_categoria, descricao)
VALUES (6, 'Esportes', 'Equipamentos e roupas esportivas.');
INSERT INTO Categoria (ID_categoria, nome_categoria, descricao)
VALUES (7, 'Beleza', 'Produtos de beleza e cuidados pessoais.');
INSERT INTO Categoria (ID_categoria, nome_categoria, descricao)
VALUES (8, 'Alimentos', 'Alimentos e bebidas de diversos tipos.');
INSERT INTO Categoria (ID_categoria, nome_categoria, descricao)
VALUES (9, 'Automóveis', 'Peças e acessórios para automóveis.');
INSERT INTO Categoria (ID_categoria, nome_categoria, descricao)
VALUES (10, 'Casa e Jardim', 'Produtos para casa e jardinagem.');
INSERT INTO Categoria (ID_categoria, nome_categoria, descricao)
VALUES (11, 'Informática', 'Produtos de informática como computadores, periféricos, etc.');
INSERT INTO Categoria (ID_categoria, nome_categoria, descricao)
VALUES (12, 'Saúde', 'Produtos relacionados à saúde e bem-estar.');
INSERT INTO Categoria (ID_categoria, nome_categoria, descricao)
VALUES (13, 'Pet Shop', 'Produtos para animais de estimação.');
INSERT INTO Categoria (ID_categoria, nome_categoria, descricao)
VALUES (14, 'Música', 'Instrumentos musicais e acessórios.');
INSERT INTO Categoria (ID_categoria, nome_categoria, descricao)
VALUES (15, 'Cinema e TV', 'Produtos relacionados a cinema e televisão, como DVDs, Blu-rays, etc.');
INSERT INTO Categoria (ID_categoria, nome_categoria, descricao)
VALUES (16, 'Jogos e Consoles', 'Videogames, consoles e acessórios.');
INSERT INTO Categoria (ID_categoria, nome_categoria, descricao)
VALUES (17, 'Ferramentas', 'Ferramentas manuais e elétricas para construção e reparos.');
INSERT INTO Categoria (ID_categoria, nome_categoria, descricao)
VALUES (18, 'Moda', 'Acessórios de moda como bolsas, sapatos, etc.');
INSERT INTO Categoria (ID_categoria, nome_categoria, descricao)
VALUES (19, 'Relógios', 'Relógios de pulso e acessórios relacionados.');
INSERT INTO Categoria (ID_categoria, nome_categoria, descricao)
VALUES (20, 'Viagem', 'Produtos relacionados a viagens, como malas, acessórios de viagem, etc.');

-- PRODUTO_CATEGORIA --

-- Produto 1: Smartphone XYZ -> Eletrônicos(1), Informática(11)
INSERT INTO ProdutoCategoria (ID_categoria, ID_produto) VALUES (1, 1);
INSERT INTO ProdutoCategoria (ID_categoria, ID_produto) VALUES (11, 1);

-- Produto 2: Notebook ABC -> Eletrônicos(1), Informática(11)
INSERT INTO ProdutoCategoria (ID_categoria, ID_produto) VALUES (1, 2);
INSERT INTO ProdutoCategoria (ID_categoria, ID_produto) VALUES (11, 2);

-- Produto 3: Fone de Ouvido Bluetooth -> Eletrônicos(1), Música(14)
INSERT INTO ProdutoCategoria (ID_categoria, ID_produto) VALUES (1, 3);
INSERT INTO ProdutoCategoria (ID_categoria, ID_produto) VALUES (14, 3);

-- Produto 4: Cadeira Gamer -> Móveis(3), Jogos e Consoles(16)
INSERT INTO ProdutoCategoria (ID_categoria, ID_produto) VALUES (3, 4);
INSERT INTO ProdutoCategoria (ID_categoria, ID_produto) VALUES (16, 4);

-- Produto 5: Livro "Aprendendo SQL" -> Livros(4), Informática(11)
INSERT INTO ProdutoCategoria (ID_categoria, ID_produto) VALUES (4, 5);
INSERT INTO ProdutoCategoria (ID_categoria, ID_produto) VALUES (11, 5);

-- Produto 6: Vestido Floral -> Roupas(2), Moda(18)
INSERT INTO ProdutoCategoria (ID_categoria, ID_produto) VALUES (2, 6);
INSERT INTO ProdutoCategoria (ID_categoria, ID_produto) VALUES (18, 6);

-- Produto 7: Smartwatch Fit -> Eletrônicos(1), Relógios(19)
INSERT INTO ProdutoCategoria (ID_categoria, ID_produto) VALUES (1, 7);
INSERT INTO ProdutoCategoria (ID_categoria, ID_produto) VALUES (19, 7);

-- Produto 8: Mesa de Escritório -> Móveis(3), Casa e Jardim(10)
INSERT INTO ProdutoCategoria (ID_categoria, ID_produto) VALUES (3, 8);
INSERT INTO ProdutoCategoria (ID_categoria, ID_produto) VALUES (10, 8);

-- Produto 9: Livro "Design de Interação" -> Livros(4), Informática(11)
INSERT INTO ProdutoCategoria (ID_categoria, ID_produto) VALUES (4, 9);
INSERT INTO ProdutoCategoria (ID_categoria, ID_produto) VALUES (11, 9);

-- Produto 10: Jaqueta de Couro -> Roupas(2), Moda(18)
INSERT INTO ProdutoCategoria (ID_categoria, ID_produto) VALUES (2, 10);
INSERT INTO ProdutoCategoria (ID_categoria, ID_produto) VALUES (18, 10);

-- Produto 11: Tablet Pro -> Eletrônicos(1), Informática(11)
INSERT INTO ProdutoCategoria (ID_categoria, ID_produto) VALUES (1, 11);
INSERT INTO ProdutoCategoria (ID_categoria, ID_produto) VALUES (11, 11);

-- Produto 12: Cadeira de Escritório -> Móveis(3), Casa e Jardim(10)
INSERT INTO ProdutoCategoria (ID_categoria, ID_produto) VALUES (3, 12);
INSERT INTO ProdutoCategoria (ID_categoria, ID_produto) VALUES (10, 12);

-- Produto 13: Livro "Algoritmos em Python" -> Livros(4), Informática(11)
INSERT INTO ProdutoCategoria (ID_categoria, ID_produto) VALUES (4, 13);
INSERT INTO ProdutoCategoria (ID_categoria, ID_produto) VALUES (11, 13);

-- Produto 14: Calça Jeans -> Roupas(2), Moda(18)
INSERT INTO ProdutoCategoria (ID_categoria, ID_produto) VALUES (2, 14);
INSERT INTO ProdutoCategoria (ID_categoria, ID_produto) VALUES (18, 14);

-- Produto 15: Monitor 4K -> Eletrônicos(1), Informática(11)
INSERT INTO ProdutoCategoria (ID_categoria, ID_produto) VALUES (1, 15);
INSERT INTO ProdutoCategoria (ID_categoria, ID_produto) VALUES (11, 15);

-- Produto 16: Estante de Livros -> Móveis(3), Casa e Jardim(10)
INSERT INTO ProdutoCategoria (ID_categoria, ID_produto) VALUES (3, 16);
INSERT INTO ProdutoCategoria (ID_categoria, ID_produto) VALUES (10, 16);

-- Produto 17: Livro "Estruturas de Dados" -> Livros(4), Informática(11)
INSERT INTO ProdutoCategoria (ID_categoria, ID_produto) VALUES (4, 17);
INSERT INTO ProdutoCategoria (ID_categoria, ID_produto) VALUES (11, 17);

-- Produto 18: Blusa de Frio -> Roupas(2), Moda(18)
INSERT INTO ProdutoCategoria (ID_categoria, ID_produto) VALUES (2, 18);
INSERT INTO ProdutoCategoria (ID_categoria, ID_produto) VALUES (18, 18);

-- Produto 19: Headset Gamer -> Eletrônicos(1), Jogos e Consoles(16)
INSERT INTO ProdutoCategoria (ID_categoria, ID_produto) VALUES (1, 19);
INSERT INTO ProdutoCategoria (ID_categoria, ID_produto) VALUES (16, 19);

-- Produto 20: Poltrona de Leitura -> Móveis(3), Casa e Jardim(10)
INSERT INTO ProdutoCategoria (ID_categoria, ID_produto) VALUES (3, 20);
INSERT INTO ProdutoCategoria (ID_categoria, ID_produto) VALUES (10, 20);

-- Produto 21: POO (Livro) -> Livros(4), Informática(11)
INSERT INTO ProdutoCategoria (ID_categoria, ID_produto) VALUES (4, 21);
INSERT INTO ProdutoCategoria (ID_categoria, ID_produto) VALUES (11, 21);

-- Produto 22: Casaco de Inverno -> Roupas(2), Moda(18)
INSERT INTO ProdutoCategoria (ID_categoria, ID_produto) VALUES (2, 22);
INSERT INTO ProdutoCategoria (ID_categoria, ID_produto) VALUES (18, 22);

-- Produto 23: Mouse Gamer -> Eletrônicos(1), Jogos e Consoles(16)
INSERT INTO ProdutoCategoria (ID_categoria, ID_produto) VALUES (1, 23);
INSERT INTO ProdutoCategoria (ID_categoria, ID_produto) VALUES (16, 23);

-- Produto 24: Mesa de Jantar -> Móveis(3), Casa e Jardim(10)
INSERT INTO ProdutoCategoria (ID_categoria, ID_produto) VALUES (3, 24);
INSERT INTO ProdutoCategoria (ID_categoria, ID_produto) VALUES (10, 24);

-- Produto 25: Inteligência Artificial (Livro) -> Livros(4), Informática(11)
INSERT INTO ProdutoCategoria (ID_categoria, ID_produto) VALUES (4, 25);
INSERT INTO ProdutoCategoria (ID_categoria, ID_produto) VALUES (11, 25);

-- Produto 26: Bota de Couro -> Roupas(2), Moda(18)
INSERT INTO ProdutoCategoria (ID_categoria, ID_produto) VALUES (2, 26);
INSERT INTO ProdutoCategoria (ID_categoria, ID_produto) VALUES (18, 26);

-- Produto 27: Teclado Mecânico -> Eletrônicos(1), Jogos e Consoles(16)
INSERT INTO ProdutoCategoria (ID_categoria, ID_produto) VALUES (1, 27);
INSERT INTO ProdutoCategoria (ID_categoria, ID_produto) VALUES (16, 27);

-- Produto 28: Sofá de Canto -> Móveis(3), Casa e Jardim(10)
INSERT INTO ProdutoCategoria (ID_categoria, ID_produto) VALUES (3, 28);
INSERT INTO ProdutoCategoria (ID_categoria, ID_produto) VALUES (10, 28);

-- Produto 29: Livro "Redes de Computadores" -> Livros(4), Informática(11)
INSERT INTO ProdutoCategoria (ID_categoria, ID_produto) VALUES (4, 29);
INSERT INTO ProdutoCategoria (ID_categoria, ID_produto) VALUES (11, 29);

-- Produto 30: Casaco de Lã -> Roupas(2), Moda(18)
INSERT INTO ProdutoCategoria (ID_categoria, ID_produto) VALUES (2, 30);
INSERT INTO ProdutoCategoria (ID_categoria, ID_produto) VALUES (18, 30);

-- PEDIDOS -- 

INSERT INTO Pedido (ID_pedido, data_hora, status, valor_total, id_cliente)
VALUES (1, '2025-10-01 14:30:00', 'Em Processamento', 150.00, 1);

INSERT INTO Pedido (ID_pedido, data_hora, status, valor_total, id_cliente)
VALUES (2, '2025-10-02 09:15:00', 'Concluído', 250.00, 3);

INSERT INTO Pedido (ID_pedido, data_hora, status, valor_total, id_cliente)
VALUES (3, '2025-10-03 18:45:00', 'Cancelado', 100.00, 3);

INSERT INTO Pedido (ID_pedido, data_hora, status, valor_total, id_cliente)
VALUES (4, '2025-10-04 12:00:00', 'Em Processamento', 300.00, 4);

INSERT INTO Pedido (ID_pedido, data_hora, status, valor_total, id_cliente)
VALUES (5, '2025-10-05 16:20:00', 'Concluído', 200.00, 5);

INSERT INTO Pedido (ID_pedido, data_hora, status, valor_total, id_cliente)
VALUES (6, '2025-10-06 11:10:00', 'Em Processamento', 180.00, 6);

INSERT INTO Pedido (ID_pedido, data_hora, status, valor_total, id_cliente)
VALUES (7, '2025-10-07 14:50:00', 'Cancelado', 120.00, 1);

INSERT INTO Pedido (ID_pedido, data_hora, status, valor_total, id_cliente)
VALUES (8, '2025-10-08 10:30:00', 'Concluído', 220.00, 8);

INSERT INTO Pedido (ID_pedido, data_hora, status, valor_total, id_cliente)
VALUES (9, '2025-10-09 15:40:00', 'Em Processamento', 160.00, 16);

INSERT INTO Pedido (ID_pedido, data_hora, status, valor_total, id_cliente)
VALUES (10, '2025-10-10 13:25:00', 'Concluído', 280.00, 10);

INSERT INTO Pedido (ID_pedido, data_hora, status, valor_total, id_cliente)
VALUES (11, '2025-10-11 17:55:00', 'Cancelado', 140.00, 11);

INSERT INTO Pedido (ID_pedido, data_hora, status, valor_total, id_cliente)
VALUES (12, '2025-10-12 09:05:00', 'Em Processamento', 190.00, 12);

INSERT INTO Pedido (ID_pedido, data_hora, status, valor_total, id_cliente)
VALUES (13, '2025-10-13 14:15:00', 'Concluído', 310.00, 14);

INSERT INTO Pedido (ID_pedido, data_hora, status, valor_total, id_cliente)
VALUES (14, '2025-10-14 16:45:00', 'Cancelado', 90.00, 15);

INSERT INTO Pedido (ID_pedido, data_hora, status, valor_total, id_cliente)
VALUES (15, '2025-10-15 11:30:00', 'Em Processamento', 210.00, 16);

INSERT INTO Pedido (ID_pedido, data_hora, status, valor_total, id_cliente)
VALUES (16, '2025-10-16 13:00:00', 'Concluído', 175.00, 17);

INSERT INTO Pedido (ID_pedido, data_hora, status, valor_total, id_cliente)
VALUES (17, '2025-10-17 15:20:00', 'Cancelado', 130.00, 18);

INSERT INTO Pedido (ID_pedido, data_hora, status, valor_total, id_cliente)
VALUES (18, '2025-10-18 10:00:00', 'Em Processamento', 260.00, 21);

INSERT INTO Pedido (ID_pedido, data_hora, status, valor_total, id_cliente)
VALUES (19, '2025-10-19 12:30:00', 'Concluído', 320.00, 1);

INSERT INTO Pedido (ID_pedido, data_hora, status, valor_total, id_cliente)
VALUES (20, '2025-10-20 14:00:00', 'Cancelado', 85.00, 3);

-- ITEM PEDIDO --

INSERT INTO ItemPedido (ID_pedido, num_item, quantidade, preco_venda, sub_total, id_produto)
VALUES (1, 1, 2, 50.00, 100.00, 5);

INSERT INTO ItemPedido (ID_pedido, num_item, quantidade, preco_venda, sub_total, id_produto)
VALUES (1, 2, 1, 50.00, 50.00, 9);

INSERT INTO ItemPedido (ID_pedido, num_item, quantidade, preco_venda, sub_total, id_produto)
VALUES (2, 1, 1, 150.00, 150.00, 6);

INSERT INTO ItemPedido (ID_pedido, num_item, quantidade, preco_venda, sub_total, id_produto)
VALUES (2, 2, 1, 100.00, 100.00, 10);

INSERT INTO ItemPedido (ID_pedido, num_item, quantidade, preco_venda, sub_total, id_produto)
VALUES (3, 1, 1, 100.00, 100.00, 14);

INSERT INTO ItemPedido (ID_pedido, num_item, quantidade, preco_venda, sub_total, id_produto)
VALUES (4, 1, 1, 200.00, 200.00, 3);

INSERT INTO ItemPedido (ID_pedido, num_item, quantidade, preco_venda, sub_total, id_produto)
VALUES (4, 2, 1, 100.00, 100.00, 18);

INSERT INTO ItemPedido (ID_pedido, num_item, quantidade, preco_venda, sub_total, id_produto)
VALUES (5, 1, 2, 100.00, 200.00, 22);

INSERT INTO ItemPedido (ID_pedido, num_item, quantidade, preco_venda, sub_total, id_produto)
VALUES (6, 1, 1, 100.00, 100.00, 26);

INSERT INTO ItemPedido (ID_pedido, num_item, quantidade, preco_venda, sub_total, id_produto)
VALUES (6, 2, 1, 80.00, 80.00, 30);

INSERT INTO ItemPedido (ID_pedido, num_item, quantidade, preco_venda, sub_total, id_produto)
VALUES (7, 1, 1, 120.00, 120.00, 1);

INSERT INTO ItemPedido (ID_pedido, num_item, quantidade, preco_venda, sub_total, id_produto)
VALUES (8, 1, 1, 120.00, 120.00, 7);

INSERT INTO ItemPedido (ID_pedido, num_item, quantidade, preco_venda, sub_total, id_produto)
VALUES (8, 2, 1, 100.00, 100.00, 19);

INSERT INTO ItemPedido (ID_pedido, num_item, quantidade, preco_venda, sub_total, id_produto)
VALUES (9, 1, 2, 80.00, 160.00, 13);

INSERT INTO ItemPedido (ID_pedido, num_item, quantidade, preco_venda, sub_total, id_produto)
VALUES (10, 1, 1, 180.00, 180.00, 2);

INSERT INTO ItemPedido (ID_pedido, num_item, quantidade, preco_venda, sub_total, id_produto)
VALUES (10, 2, 1, 100.00, 100.00, 23);

INSERT INTO ItemPedido (ID_pedido, num_item, quantidade, preco_venda, sub_total, id_produto)
VALUES (11, 1, 2, 70.00, 140.00, 17);

INSERT INTO ItemPedido (ID_pedido, num_item, quantidade, preco_venda, sub_total, id_produto)
VALUES (12, 1, 1, 90.00, 90.00, 25);

INSERT INTO ItemPedido (ID_pedido, num_item, quantidade, preco_venda, sub_total, id_produto)
VALUES (12, 2, 1, 100.00, 100.00, 21);

INSERT INTO ItemPedido (ID_pedido, num_item, quantidade, preco_venda, sub_total, id_produto)
VALUES (13, 1, 1, 200.00, 200.00, 11);

INSERT INTO ItemPedido (ID_pedido, num_item, quantidade, preco_venda, sub_total, id_produto)
VALUES (13, 2, 1, 110.00, 110.00, 15);

INSERT INTO ItemPedido (ID_pedido, num_item, quantidade, preco_venda, sub_total, id_produto)
VALUES (14, 1, 1, 90.00, 90.00, 29);

INSERT INTO ItemPedido (ID_pedido, num_item, quantidade, preco_venda, sub_total, id_produto)
VALUES (15, 1, 1, 110.00, 110.00, 4);

INSERT INTO ItemPedido (ID_pedido, num_item, quantidade, preco_venda, sub_total, id_produto)
VALUES (15, 2, 1, 100.00, 100.00, 12);

INSERT INTO ItemPedido (ID_pedido, num_item, quantidade, preco_venda, sub_total, id_produto)
VALUES (16, 1, 1, 175.00, 175.00, 8);

INSERT INTO ItemPedido (ID_pedido, num_item, quantidade, preco_venda, sub_total, id_produto)
VALUES (17, 1, 1, 130.00, 130.00, 16);

INSERT INTO ItemPedido (ID_pedido, num_item, quantidade, preco_venda, sub_total, id_produto)
VALUES (18, 1, 1, 160.00, 160.00, 20);

INSERT INTO ItemPedido (ID_pedido, num_item, quantidade, preco_venda, sub_total, id_produto)
VALUES (18, 2, 1, 100.00, 100.00, 24);

INSERT INTO ItemPedido (ID_pedido, num_item, quantidade, preco_venda, sub_total, id_produto)
VALUES (19, 1, 1, 130.00, 130.00, 27);

INSERT INTO ItemPedido (ID_pedido, num_item, quantidade, preco_venda, sub_total, id_produto)
VALUES (19, 2, 1, 125.00, 125.00, 28);

INSERT INTO ItemPedido (ID_pedido, num_item, quantidade, preco_venda, sub_total, id_produto)
VALUES (19, 3, 1, 65.00, 65.00, 18);

INSERT INTO ItemPedido (ID_pedido, num_item, quantidade, preco_venda, sub_total, id_produto)
VALUES (20, 1, 1, 85.00, 85.00, 6);

-- Pagamentos --

INSERT INTO Pagamento (ID_pedido, status, forma_pagamento, data_pagamento)
VALUES (1, 'P', 'Crédito', '2025-01-02');

INSERT INTO Pagamento (ID_pedido, status, forma_pagamento, data_pagamento)
VALUES (2, 'A', 'Boleto', '2025-02-16');

INSERT INTO Pagamento (ID_pedido, status, forma_pagamento, data_pagamento)
VALUES (3, 'R', 'Pix', '2025-03-11');

INSERT INTO Pagamento (ID_pedido, status, forma_pagamento, data_pagamento)
VALUES (4, 'P', 'Crédito', '2025-04-06');

INSERT INTO Pagamento (ID_pedido, status, forma_pagamento, data_pagamento)
VALUES (5, 'A', 'Boleto', '2025-05-21');

INSERT INTO Pagamento (ID_pedido, status, forma_pagamento, data_pagamento)
VALUES (6, 'R', 'Pix', '2025-06-02');

INSERT INTO Pagamento (ID_pedido, status, forma_pagamento, data_pagamento)
VALUES (7, 'P', 'Crédito', '2025-06-16');

INSERT INTO Pagamento (ID_pedido, status, forma_pagamento, data_pagamento)
VALUES (8, 'A', 'Boleto', '2025-07-04');

INSERT INTO Pagamento (ID_pedido, status, forma_pagamento, data_pagamento)
VALUES (9, 'R', 'Pix', '2025-07-22');

INSERT INTO Pagamento (ID_pedido, status, forma_pagamento, data_pagamento)
VALUES (10, 'P', 'Crédito', '2025-08-12');

INSERT INTO Pagamento (ID_pedido, status, forma_pagamento, data_pagamento)
VALUES (11, 'A', 'Boleto', '2025-08-26');

INSERT INTO Pagamento (ID_pedido, status, forma_pagamento, data_pagamento)
VALUES (12, 'R', 'Pix', '2025-09-06');

INSERT INTO Pagamento (ID_pedido, status, forma_pagamento, data_pagamento)
VALUES (13, 'P', 'Crédito', '2025-09-19');

INSERT INTO Pagamento (ID_pedido, status, forma_pagamento, data_pagamento)
VALUES (14, 'A', 'Boleto', '2025-10-01');

INSERT INTO Pagamento (ID_pedido, status, forma_pagamento, data_pagamento)
VALUES (15, 'R', 'Pix', '2025-10-15');

INSERT INTO Pagamento (ID_pedido, status, forma_pagamento, data_pagamento)
VALUES (16, 'P', 'Crédito', '2025-10-30');

INSERT INTO Pagamento (ID_pedido, status, forma_pagamento, data_pagamento)
VALUES (17, 'A', 'Boleto', '2025-11-10');

INSERT INTO Pagamento (ID_pedido, status, forma_pagamento, data_pagamento)
VALUES (18, 'R', 'Pix', '2025-11-25');

INSERT INTO Pagamento (ID_pedido, status, forma_pagamento, data_pagamento)
VALUES (19, 'P', 'Crédito', '2025-12-01');

INSERT INTO Pagamento (ID_pedido, status, forma_pagamento, data_pagamento)
VALUES (20, 'A', 'Boleto', '2025-12-15');

-- Entregas --

INSERT INTO Entrega (ID_entrega, data_previsao, data_entrega, status, id_pedido)
VALUES (1, '2025-10-01', '2025-09-29', 'Entregue', 1);

INSERT INTO Entrega (ID_entrega, data_previsao, data_entrega, status, id_pedido)
VALUES (2, '2025-10-05', '2025-10-04', 'Entregue', 2);

INSERT INTO Entrega (ID_entrega, data_previsao, data_entrega, status, id_pedido)
VALUES (3, '2025-10-10', '2025-10-09', 'Entregue', 3);

INSERT INTO Entrega (ID_entrega, data_previsao, data_entrega, status, id_pedido)
VALUES (4, '2025-10-15', '2025-10-14', 'Entregue', 4);

INSERT INTO Entrega (ID_entrega, data_previsao, data_entrega, status, id_pedido)
VALUES (5, '2025-10-20', '2025-10-19', 'Entregue', 5);

INSERT INTO Entrega (ID_entrega, data_previsao, data_entrega, status, id_pedido)
VALUES (6, '2025-10-25', NULL, 'Pendente', 6);

INSERT INTO Entrega (ID_entrega, data_previsao, data_entrega, status, id_pedido)
VALUES (7, '2025-10-30', '2025-10-25', 'Entregue', 7);

INSERT INTO Entrega (ID_entrega, data_previsao, data_entrega, status, id_pedido)
VALUES (8, '2025-11-05', '2025-11-04', 'Entregue', 8);

INSERT INTO Entrega (ID_entrega, data_previsao, data_entrega, status, id_pedido)
VALUES (9, '2025-11-10', NULL, 'Pendente', 9);

INSERT INTO Entrega (ID_entrega, data_previsao, data_entrega, status, id_pedido)
VALUES (10, '2025-11-15', '2025-11-14', 'Entregue', 10);

INSERT INTO Entrega (ID_entrega, data_previsao, data_entrega, status, id_pedido)
VALUES (11, '2025-11-20', NULL, 'Pendente', 11);

INSERT INTO Entrega (ID_entrega, data_previsao, data_entrega, status, id_pedido)
VALUES (12, '2025-11-25', NULL, 'Cancelada', 12);

INSERT INTO Entrega (ID_entrega, data_previsao, data_entrega, status, id_pedido)
VALUES (13, '2025-11-30', NULL, 'Pendente', 13);

INSERT INTO Entrega (ID_entrega, data_previsao, data_entrega, status, id_pedido)
VALUES (14, '2025-12-05', NULL, 'Pendente', 14);

INSERT INTO Entrega (ID_entrega, data_previsao, data_entrega, status, id_pedido)
VALUES (15, '2025-12-10', NULL, 'Pendente', 15);

INSERT INTO Entrega (ID_entrega, data_previsao, data_entrega, status, id_pedido)
VALUES (16, '2025-12-15', NULL, 'Pendente', 16);

INSERT INTO Entrega (ID_entrega, data_previsao, data_entrega, status, id_pedido)
VALUES (17, '2025-12-20', '2025-12-20', 'Entregue', 17);

INSERT INTO Entrega (ID_entrega, data_previsao, data_entrega, status, id_pedido)
VALUES (18, '2025-12-25', '2025-12-25', 'Entregue', 18);

INSERT INTO Entrega (ID_entrega, data_previsao, data_entrega, status, id_pedido)
VALUES (19, '2025-12-30', '2025-12-30', 'Entregue', 19);

INSERT INTO Entrega (ID_entrega, data_previsao, data_entrega, status, id_pedido)
VALUES (20, '2024-01-05', '2024-01-05', 'Entregue', 20);

INSERT INTO Entrega (ID_entrega, data_previsao, data_entrega, status, id_pedido)
VALUES (21, '2025-12-01', '2025-11-23', 'Entregue', 12);
